{"mean": -38.7229118347168, "std": 22.35516929626465}